"facility_id","frs_id","facility_name","city","state","zip_code","address","county_raw","latitude","longitude","naics_code","industry_subparts","industry_sectors","emissions_2023","emissions_2022","emissions_2021","emissions_2020","emissions_2019","county_clean"
1013282,NA,"3M Pittsboro","Moncure","NC","27559","4191 Hwy 87 South",NA,35.660546,-79.176782,327999,"C","Minerals",27050.748,28141.944,29339.24,26496.1,25968.852,NA
1014236,"110000350370","ADM Southport","Southport","NC","28461","1730 E Moore Street SE","BRUNSWICK COUNTY",33.94516,-78.00117,325199,"C","Chemicals",82308.14,89098.308,65370.002,NA,NA,"BRUNSWICK"
1004178,"110022439798","ALPEK POLYESTER USA, LLC","FAYETTEVILLE","NC","28312","3216 CEDAR CREEK RD","CUMBERLAND COUNTY",34.98305,-78.78722,325211,"C","Other",35596.364,47560.372,47400.872,47904.62,41059.396,"CUMBERLAND"
1005055,"110000346992","ARAUCO-USA LLC","MONCURE","NC","27559","985 CORINTH ROAD","CHATHAM COUNTY",35.60067,-79.04634,321219,"C","Other",NA,NA,NA,NA,NA,"CHATHAM"
1006778,"110000348589","ATI Specialty Materials, Monroe Plant","MONROE","NC","28110","2020 ASHCRAFT AVENUE","UNION COUNTY",34.98548,-80.517139,331492,"C","Metals",60857.514,58222.722,49705.302,42349.728,61825.2,"UNION"
1014866,"110068054376","Ajinomoto Health & Nutrition NA, Inc.","Raleigh","NC","27610","4020 Ajinomoto Drive","WAKE COUNTY",35.77127,-78.56609,325411,"C","Chemicals",27663.696,NA,NA,NA,NA,"WAKE"
1005138,"110043799609","Alamance County Landfill","Graham","NC","27253","2701 Austin Quarter Rd.","ALAMANCE COUNTY",35.9306,-79.2941,562212,"HH","Waste",134681.75,130863.25,127969,125546.25,125209.25,"ALAMANCE"
1002236,"110071161780","Anson County Waste Management Facility","Polkton","NC","28135","375 Dozer Drive","ANSON COUNTY",34.969177,-80.165185,562212,"HH","Waste",63836.25,80463.75,51909,70916.75,274450.5,"ANSON"
1000003,"110001482887","Ardagh Glass Inc. (Henderson)","Henderson","NC","27537","620 Facet Road","VANCE COUNTY",36.291066,-78.391883,327213,"C,N","Minerals",77625.44,79156.516,79993.496,81110.872,80097.188,"VANCE"
1000026,"110000347802","Ardagh Glass Inc. (Wilson)","WILSON","NC","27893","2201 FIRESTONE PARKWAY","WILSON COUNTY",35.7602,-77.8826,327213,"C,N","Minerals",44661.488,89289.616,92756.316,94154.616,95179.812,"WILSON"
1007180,"110071160856","Asheville Steam Electric Plant","ARDEN","NC","28704","200 CP&L DRIVE","Buncombe",35.4714,-82.5431,221112,"C,D","Power Plants",1455027.44,1595369.424,1448571.11,1200948.344,1396089.06,"BUNCOMBE"
1002822,"110071161703","Auria Albemarle, LLC","ALBEMARLE","NC","28001","313 BETHANY ROAD","STANLY COUNTY",35.3982,-80.20477,314110,"C","Other",NA,192.1,200.8,128.5,5316.478,"STANLY"
1013954,"110067419467","Avient Protective Materials","Greenville","NC","27834","5750 Martin Luther King Jr. Highway","PITT COUNTY",35.65739,-77.35402,325220,"C","Other",NA,10773.86,10117.912,8737.568,NA,"PITT"
1001943,"110001499664","BLACKBURN SANITARY LANDFILL","NEWTON","NC","28658","3993 ROCKY FORD ROAD","CATAWBA COUNTY",35.60606,-81.30738,562212,"HH","Waste",96948.5,109495.626,91678.576,81323.058,97698.22,"CATAWBA"
1002954,"110000745196","BRIDGESTONE FIRESTONE INCORPORATED","WILSON","NC","27893","3001 FIRESTONE PARKWAY","WILSON COUNTY",35.75598,-77.86917,326211,"C","Other",40372.592,37970.196,36953.352,37377.7,45326.118,"WILSON"
1001775,"110009853578","BUNCOMBE COUNTY NEW LANDFILL","ALEXANDER","NC","28701","85 PANTHER BRANCH ROAD","BUNCOMBE COUNTY",35.72811,-82.64221,562212,"HH","Waste",70463.5,68755.5,72035.25,68205.75,71639,"BUNCOMBE"
1006406,"110043805674","BUNCOMBE COUNTY OLDLANDFILL","ASHEVILLE","NC","28804","2726 HIGHWAY 251","BUNCOMBE",35.660561,-82.603897,562212,"HH","Waste",NA,NA,NA,NA,NA,"BUNCOMBE"
1001187,"110000604141","Belews Creek","BELEWS CREEK","NC","27052","3195 PINE HALL ROAD","Stokes",36.2811,-80.0603,221112,"C,D","Power Plants",5584207.896,5922637.112,6959270.394,4441528.054,6302103.262,"STOKES"
1000230,"110009846480","Blue Ridge Paper Products LLC","CANTON","NC","28716","175 MAIN ST","Haywood",35.535,-82.8411,322110,"AA,C,TT","Pulp and Paper,Waste",400763.118,946189.974,942651.274,901082.326,882938.546,"HAYWOOD"
1000831,"110001978334","Buck","SALISBURY","NC","28145","1555 DUKEVILLE RD","Rowan",35.7133,-80.3767,221112,"C,D","Power Plants",1570968.456,1939412.97,1762785.02,1472875.574,1656473.312,"ROWAN"
1000200,"110007669380","Butler-Warner Generation Plant","FAYETTEVILLE","NC","28312","2274 CUSTER AVE","Cumberland",35.0986,-78.8294,221112,"D","Power Plants",NA,NA,NA,NA,NA,"CUMBERLAND"
1005780,"110018837892","CAMPBELL SOUP SUPPLY COMPANY","MAXTON","NC","28364","2120 HIGHWAY 71 NORTH","ROBESON COUNTY",34.7724,-79.325,311422,"C","Other",46011.876,47885.72,55495.392,45259.08,45091.678,"ROBESON"
1005915,"110001502311","CARDINAL FG FLAT GLASS PLANT","MOORESVILLE","NC","28115","342 MOORESVILLE BLVD","IREDELL COUNTY",35.63526,-80.786231,327211,"C,N","Minerals",106520.328,111853.316,109109.172,107457.576,105664.032,"IREDELL"
1004594,"110000347189","CARGILL INC RALEIGH FACILITY","RALEIGH","NC","27603","1400 S. BLOUNT ST.","WAKE COUNTY",35.76093,-78.63754,311222,"C","Other",NA,NA,NA,NA,NA,"WAKE"
1005299,"110041040922","CAROLINA STALITE COMPANY","GOLD HILL","NC","28071","16815 OLD BEATTYS FORD RD.","ROWAN COUNTY",35.50767,-80.3297,327992,"C","Minerals",84771.086,93235.82,113705.214,129808.71,134223.622,"ROWAN"
1004911,"110000349267","CHARLOTTE PIPE & FOUNDRY CO","CHARLOTTE","NC","28208","1335 S. CLARKSON ST.","MECKLENBURG COUNTY",35.224323,-80.861806,331511,"C","Metals",32673.27,48321.022,54530.672,48175.928,51051.34,"MECKLENBURG"
1006145,"110000559609","CHEMOURS COMPANY - FAYETTEVILLE WORKS","FAYETTEVILLE","NC","28306","22828 NC HIGHWAY 87 WEST","BLADEN COUNTY",34.8419,-78.8388,325120,"C,L,OO","Chemicals,Industrial Gas Suppliers",46277.309,47608.0021,49966.266087,55586.52012,681145.82,"BLADEN"
1005594,"110060422760","CITY OF ALBEMARLE LANDFILL","ALBEMARLE","NC","28002","40592B Stony Gap Road","STANLY COUNTY",35.3173,-80.1658,562212,"HH","Waste",61211.25,60786.25,59591.75,58443.25,57502.5,"STANLY"
1007078,"110001503472","CITY OF DURHAM SANITARY LANDFILL","DURHAM","NC","27704","2115 EAST CLUB BLVD","DURHAM",36.025818,-78.856501,562212,"HH","Waste",NA,NA,NA,NA,NA,"DURHAM"
1006978,"110009717039","CITY OF GREENSBORO WHITE STREET LANDFILL","GREENSBORO","NC","27405","2503 WHITE STREET","GUILFORD COUNTY",36.1089,-79.72148,562212,"HH","Waste",220459.75,206466.75,156615,176907,179535.25,"GUILFORD"
1005825,"110071162427","CLEVELAND COUNTY LANDFILL","SHELBY","NC","28152","200 South Post Road, OFF AIRPORT","CLEVELAND COUNTY",35.300926,-81.545135,562212,"HH","Waste",143437,139753,135704.75,132001.5,151973.5,"CLEVELAND"
1004136,"110043785909","COVATION BIOMATERIALS KINSTON SITE","Grifton","NC","28530","4693 N. C. HIGHWAY, 11 NORTH","LENOIR COUNTY",35.3306,-77.4772,325211,"C","Other",34955.468,38857.004,42689.34,34256.472,37290.06,"LENOIR"
1000226,"110000347045","CPI USA North Carolina Roxboro","ROXBORO","NC","27573","331 ALLIE CLAY RD","Person",36.435,-78.9619,221112,"C","Power Plants",NA,NA,41023.084,219156.094,224639.678,"PERSON"
1000225,"110043787783","CPI USA North Carolina Southport","SOUTHPORT","NC","28461","1281 POWERHOUSE DR SE","Brunswick",33.9444,-78.0125,221112,"C","Power Plants",NA,NA,69232.782,390883.328,403284.514,"BRUNSWICK"
1001627,"110060396432","CUMBERLAND COUNTY ANN STREET LANDFILL","FAYETTEVILLE","NC","28301","698 ANN STREET","CUMBERLAND COUNTY",35.0639,-78.87082,562212,"C,HH","Waste",75195.5,60068.5,67818.5,65407,67144.25,"CUMBERLAND"
1000785,"110071160857","Cape Fear Steam Electric Plant","MONCURE","NC","27559","500 CP&L ROAD","Chatham",35.595,-79.0492,221112,"C","Power Plants",82993.284,87493.622,79344.594,NA,NA,"CHATHAM"
1005124,"110000349515","Cargill Inc","Charlotte","NC","28217","5000 South Blvd","MECKLENBURG COUNTY",35.16941,-80.876,311222,"C","Other",NA,NA,NA,NA,NA,"MECKLENBURG"
1003495,"110009849968","Cargill, Inc.","Fayetteville","NC","28312","1754 River Road","CUMBERLAND COUNTY",35.087889,-78.844949,311221,"C","Other",66582.646,59216.174,42646.968,38514.4,41133.126,"CUMBERLAND"
1005354,"110000348749","Carolina Stalite Company","Norwood","NC","28128","12423 Old Aquadale Rd.","STANLY COUNTY",35.229466,-80.243888,327992,"C","Minerals",19189.362,20382.412,20046.224,20204.618,21937.506,"STANLY"
1010363,"110010718884","Cascades Tissue Group North Carolina","Rockingham","NC","28379","805, Midway Road","RICHMOND COUNTY",34.954075,-79.809005,322120,"C","Pulp and Paper",19706.676,24695.356,14590.244,25079.554,23628.96,"RICHMOND"
1011645,"110040757142","CertainTeed Gypsum NC, Inc.","Semora","NC","27343","921 Shore Road","PERSON COUNTY",36.49011,-79.055977,327420,"C","Minerals",31009.784,37237.96,34938.268,31350.632,25746.204,"PERSON"
1003099,"110070081851","Charlotte Motor Speedway Landfill V","CONCORD","NC","28027","5105 MOREHEAD ROAD","CABARRUS COUNTY",35.345247,-80.682062,562212,"HH","Waste",196456.5,181540.75,160698.25,176044.25,171309.5,"CABARRUS"
1010974,"110071159965","Clearwater Paper Shelby, LLC","Shelby","NC","28150","617 Washburn Switch Rd.","CLEVELAND COUNTY",35.310018,-81.603346,322120,"C","Pulp and Paper",78237.756,80545.348,77655.008,79721.7,66009.7,"CLEVELAND"
1000565,"110039620292","Cleveland County Generating Facility","Grover","NC","28073","200 Elm Road","Cleveland",35.1706,-81.4161,221112,"C,D","Power Plants",356228.974,680754.1,502700.15,324171.936,544122.17,"CLEVELAND"
1000832,"110071160891","Cliffside","CLIFFSIDE","NC","28024","DUKE POWER RD #1002","Cleveland",35.22,-81.7594,221112,"C,D","Power Plants",3711093.676,3071804.156,3329380.932,4201415.576,5253472.242,"CLEVELAND"
1000227,"110007377739","Coastal Carolina Clean Power LLC","KENANSVILLE","NC","28349","1838 NC 11 & 903","Duplin",35.0225,-77.8575,221112,"C","Power Plants",NA,NA,NA,NA,NA,"DUPLIN"
1003035,"110043802597","Coastal Regional Solid Waste Management Authority","New Bern","NC","28562","7400 Old US 70 West","CRAVEN COUNTY",34.943667,-76.948346,562212,"HH","Waste",138924.75,129028,121381,137036,139443.25,"CRAVEN"
1007732,"110001482949","Craven County Wood Energy","New Bern","NC","28562","201 Executive Parkway","CRAVEN COUNTY",35.1285,-77.17,221117,"D","Power Plants",7362.986,7071.864,7283.54,4546.564,6639.414,"CRAVEN"
1002099,"110008647893","DAK AMERICAS LLC","LELAND","NC","28451","3500 DANIELS ROAD NORTHEAST","BRUNSWICK",34.322316,-78.039566,325222,"C","Other",NA,NA,NA,NA,NA,"BRUNSWICK"
1003297,"110038493298","DUKE UNIVERSITY","DURHAM","NC","27710","131 RESEARCH DR","DURHAM COUNTY",36.008498,-78.942578,611310,"C","Other",91985.848,98023.22,83859.432,88885.512,88263.916,"DURHAM"
1000833,"110070081773","Dan River","EDEN","NC","27288","900 S EDGEWOOD RD","Rockingham",36.4862,-79.7208,221112,"C,D","Power Plants",1470088.604,1599550.72,1620602.396,1740005.152,1709972.264,"ROCKINGHAM"
1007571,"110000349748","Darling In, Ingredients - Fayetteville","Fayetteville","NC","28301","1309 Industrial Drive","CUMBERLAND COUNTY",35.03104,-78.86301,311613,"C","Other",68800.84,68938.54,69856.636,65672.252,66785.246,"CUMBERLAND"
1006213,"110070834613","Darling Ingredients, Inc. - Rose Hill","Rose Hill","NC","28458","469 Yellow Cut Rd.","DUPLIN COUNTY",34.838207,-78.035053,311613,"C","Other",40201.248,42245.64,42167.392,42176.886,31982.628,"DUPLIN"
1002637,"110008055674","Darling Ingredients, Inc. - Wadesboro","Wadesboro","NC","28170","656 Little Duncan Rd.","ANSON COUNTY",35.03532,-80.082805,311613,"C","Other",31399.632,29994.088,29454.588,31692.38,30094.236,"ANSON"
1004204,"110043787015","Davidson County Integrated Solid Waste Management Dept.","Thomasville","NC","27360","1242 Old Highway 29","DAVIDSON COUNTY",35.85308,-80.17695,562212,"HH","Waste",73681.25,68374.25,62937.75,63312.5,54579,"DAVIDSON"
1000229,"110071161106","Domtar Paper Company LLC - Plymouth","PLYMOUTH","NC","27962","NC HWY 149 N","Martin",35.8628,-76.7831,322110,"AA,C,TT","Pulp and Paper,Waste",195444.684,162656.388,170369.864,103113.146,176119.524,"MARTIN"
1000392,"110000348954","Durafiber Technologies","SALISBURY","NC","28147","7401 STATESVILLE BOULEVARD","ROWAN COUNTY",35.7133,-80.6122,325222,"C","Other",NA,NA,NA,NA,NA,"ROWAN"
1003101,"110060467926","EAST CAROLINA REGIONAL LANDFILL","AULANDER","NC","27805","1922 REPUBLICAN ROAD","BERTIE COUNTY",36.11558,-77.07097,562212,"HH","Waste",92680,95345,105511,103264.75,105594.5,"BERTIE"
1000554,"110013975706","EDGECOMBE COUNTY LANDFILL","TARBORO","NC","27886","2861 COLONIAL ROAD","EDGECOMBE",35.914656,-77.583985,562212,"C,HH","Waste",NA,NA,NA,NA,NA,"EDGECOMBE"
1014336,"110070386075","EGGER Wood Products, LLC","Linwood","NC","27299","300 Egger Parkway","DAVIDSON COUNTY",35.740731,-80.343295,321219,"C","Other",45139.988,45787.164,34004.96,NA,NA,"DAVIDSON"
1002262,"110000349070","ELECTRIC GLASS FIBER AMERICA, LLC","SHELBY","NC","28150","940 WASHBURN SWITCH RD.","CLEVELAND COUNTY",35.33104,-81.62436,327212,"C,N","Minerals",72506.962,85261.564,98337.684,64929.996,89744.928,"CLEVELAND"
1005640,"110000350272","ELEMENTIS CHROMIUM","CASTLE HAYNE","NC","28429","5408 HOLLY SHELTER ROAD","NEW HANOVER COUNTY",34.372516,-77.859466,325180,"C,U","Chemicals",120282.924,149925.54,152469.036,134720.848,138950.38,"NEW HANOVER"
1000704,"110057298446","EVONIK SUPERABSORBER LLC","GREENSBORO","NC","27406","2401 DOYLE STREET","GUILFORD COUNTY",36.0441,-79.78814,325199,"C","Chemicals",36504.464,34254.372,31997.98,32432.928,32314.58,"GUILFORD"
1000231,"110022568531","Edgecombe Genco, LLC","BATTLEBORO","NC","27809","6358 OLD BATTLEBORO RD 27809","Edgecombe",36.0378,-77.7542,221112,"D","Power Plants",NA,NA,NA,NA,NA,"EDGECOMBE"
1002322,"110000346082","Electric Glass Fiber America, LLC","LEXINGTON","NC","27292","473 NEW JERSEY CHURCH ROAD","DAVIDSON COUNTY",35.75525,-80.28116,327212,"C,N","Minerals",32838.9,46940.9,38721.874,15469.7,36867.434,"DAVIDSON"
1001211,"110000349882","Elizabethtown Power","ELIZABETHTOWN","NC","28337","3100 WEST BROAD ST","Bladen",34.6474,-78.6407,221112,"D","Power Plants",NA,NA,NA,NA,NA,"BLADEN"
1004405,"110014016607","FELTONSVILLE LANDFILL","APEX","NC","27502","6000 OLD SMITHFIELD ROAD","WAKE",35.6811,-78.8499,562212,"HH","Waste",NA,NA,NA,NA,NA,"WAKE"
1005424,"110000349383","FRITO-LAY, INCORPORATED","CHARLOTTE","NC","28273","2911 NEVADA BV","MECKLENBURG COUNTY",35.11746,-80.94108,311919,"C","Other",26630.7,27414.196,27150.048,25203.656,NA,"MECKLENBURG"
1007044,"110034168512","Foothills Environmental","Lenoir","NC","28645","2800 Cheraw Road","CALDWELL COUNTY",35.914488,-81.593527,562212,"HH","Waste",46222.75,54764.5,58735.75,69829.5,55736,"CALDWELL"
1000830,"110000348008","G G Allen","BELMONT","NC","28012","253 PLANT ALLEN RD.","Gaston",35.1897,-81.0122,221112,"C,D","Power Plants",141042.74,300842.644,200401.368,535362.742,968124.032,"GASTON"
1005137,"110056321822","GASTON COUNTY LANDFILL","DALLAS","NC","28034","3155 PHILADELPHIA CHURCH RD","GASTON COUNTY",35.38868,-81.17202,562212,"HH","Waste",57758,61837.75,62129.5,68057.25,71643.75,"GASTON"
1007998,"110000347161","GSK, INC.","ZEBULON","NC","27597","1011 NORTH ARENDELL AVENUE","WAKE COUNTY",35.832054,-78.319739,325412,"C,OO","Chemicals,Industrial Gas Suppliers",8129.62,8524.468,8130.02,8637.968,9136.916,"WAKE"
1003507,"110012474697","Gerdau Ameristeel US, Inc - Charlotte Mill","CHARLOTTE","NC","28269","6601 LAKEVIEW ROAD","MECKLENBURG COUNTY",35.33908,-80.83114,331110,"C,Q","Metals",50136.46,54655.352,62120.396,55922.208,55844.008,"MECKLENBURG"
1002857,"110001102958","GlaxoSmithKline","Research Triangle Park","NC","27709","Five Moore Drive","DURHAM COUNTY",35.939776,-78.863888,325411,"C","Chemicals",NA,NA,NA,NA,NA,"DURHAM"
1002888,"110023154931","Gold Bond - MTH Plant","MOUNT HOLLY","NC","28120","1725 DRYWALL DR","GASTON COUNTY",35.3245,-80.9996,327420,"C","Minerals",85511.828,90377.16,88122.968,86780.124,87297.872,"GASTON"
1013623,"110001480415","Gold Bond - WLM Plant","Wilmington","NC","28412","838 Sunnyvale Drive","NEW HANOVER COUNTY",34.17215,-77.94659,327420,"C","Minerals",40328.748,39350.152,37295.16,31882.08,28775.492,"NEW HANOVER"
1013276,"110071162203","Granges Americas Inc.- SRM","Salisbury","NC","28145","1709 Jake Alexander BLVD","ROWAN COUNTY",35.682317,-80.507236,331315,"C","Metals",16960.236,19038.528,26474.9,17261.836,23783.66,"ROWAN"
1013633,"110069995406","Great Oak Landfill","Randleman","NC","27317","3597 Old Cedar Falls Road","RANDOLPH COUNTY",35.744148,-79.741612,562212,"C,HH","Waste",65194.3,40137.05,194878.3,70740.5,44656.75,"RANDOLPH"
1000786,"110000496552","H F Lee Steam Electric Plant","GOLDSBORO","NC","27530","1199 Black Jack Church Rd","Wayne",35.3775,-78.0875,221112,"C,D","Power Plants",2637535.22,2827748.238,2380026.564,2312716.414,2649902.098,"WAYNE"
1003137,"110007123184","HANES MILL ROAD LANDFILL","WINSTON-SALEM","NC","27102","325 WEST HANES MILL ROAD","FORSYTH COUNTY",36.189037,-80.287502,562212,"HH","Waste",32616.75,39407.25,40461.75,55173.75,54986,"FORSYTH"
1001876,"110070157588","HEADQUARTERS XVIII ABN CORPS AND FORT LIBERTY","Fort Liberty","NC","28310","2175 Rock Merritt Avenue","CUMBERLAND COUNTY",35.152115,-78.998907,928110,"C","Other",74795.994,67823.67,66439.764,62440.036,65154.916,"CUMBERLAND"
1005993,"110014008509","HENDERSON COUNTY LANDFILL/TS SINCE 1997","HENDERSONVILLE","NC","28791","802 STONEY MOUNTAIN RD","HENDERSON",35.3515,-82.49791,562212,"HH","Waste",NA,NA,NA,NA,NA,"HENDERSON"
1006514,"110009717164","IREDELL CO-TWINS OAKS RD;3260","STATESVILLE","NC","28625","354 TWINS OAKS ROAD","IREDELL COUNTY",35.77227,-80.82308,562212,"C,HH","Waste",133232.644,106417.516,96367.06,154251.56,87658.8,"IREDELL"
1012516,"110000861032","Ingredion Incorporated","Winton Salem","NC","27107","4501 Overdale Road","FORSYTH COUNTY",36.032491,-80.228696,311221,"C","Other",26386.918,23494.91,32334.294,21123.01,34070.426,"FORSYTH"
1010114,"110013349563","International Paper - Canton Landfill 5B/5C","Canton","NC","28716",NA,"HAYWOOD COUNTY",35.552899,-82.832451,562212,"TT","Waste",NA,NA,NA,NA,21181.75,"HAYWOOD"
1000228,"110000350478","International Paper - New Bern Mill","Vanceboro","NC","28586","1785 Weyerhaeuser Road","Craven",35.2081,-77.1242,322110,"AA,C,TT","Pulp and Paper,Waste",114519.266,100748.704,93987.324,97271.516,100442.642,"CRAVEN"
1011267,"110070082124","International Paper - Roanoke Rapids Landfill","Roanoke Rapids","NC","27870",NA,"HALIFAX COUNTY",36.462894,-77.636997,562212,"TT","Waste",NA,NA,NA,NA,NA,"HALIFAX"
1007226,"110009719304","International Paper-Riegelwood","RIEGELWOOD","NC","28456","865 JOHN L RIEGEL ROAD","Columbus",34.3528,-78.2028,322110,"AA,C,TT","Pulp and Paper,Waste",301786.16,316907.462,325787.898,302060.936,277427.502,"COLUMBUS"
1004252,"110041518033","JOHNSTON COUNTY MSW LANDFILL","SMITHFIELD","NC","27577","680 COUNTY HOME ROAD","JOHNSTON COUNTY",35.511016,-78.429316,562212,"HH","Waste",98907.25,99816.5,104223.25,101520.5,75290.75,"JOHNSTON"
1000365,"110064780349","Kersey Valley MSW Landfill","High Point","NC","27261","3940 E. Kivett Drive","GUILFORD COUNTY",35.9556,-79.9256,562212,"HH","Waste",106752.75,104607.25,102389.5,98375.75,94134,"GUILFORD"
1013259,"110064432449","Kings Mountain Energy Center","Kings Mountain","NC","28086","181 Gage Road","CLEVELAND COUNTY",35.201313,-81.365446,221112,"C,D","Power Plants",1237626.064,1147381.848,1065899.5,1067747.044,1091988.504,"CLEVELAND"
1000828,"110000350174","L V Sutton Steam Electric Plant","WILMINGTON","NC","28401","801 SUTTON STEAM PLANT ROAD","New Hanover",34.2824,-77.9864,221112,"C,D","Power Plants",1495648.708,1500313.858,1601151.912,1570654.478,1793301.604,"NEW HANOVER"
1005461,"110014008536","LINCOLN COUNTY LANDFILL","CROUSE","NC","28033","5291 CROUSE RD","LINCOLN COUNTY",35.43049,-81.35386,562212,"HH","Waste",48874,48590,47622,46836.5,46223.75,"LINCOLN"
1005026,"110034163946","Lenoir County Landfill","LaGrange","NC","28551","2949 Hodges Farm Road","LENOIR COUNTY",35.29357,-77.71334,562212,"HH","Waste",21403.25,22658.75,23987.75,25395,26884.5,"LENOIR"
1001109,"110001495347","Lincoln","STANLEY","NC","28164","6769 OLD PLANK ROAD","Lincoln",35.4317,-81.0347,221112,"D","Power Plants",19532.298,123554.554,224976.31,34665.348,23284.654,"LINCOLN"
1001212,"110007015050","Lumberton Power","LUMBERTON","NC","28359","1866 HESTERTOWN ROAD","Robeson",34.59,-78.9968,221112,"D","Power Plants",NA,NA,NA,NA,NA,"ROBESON"
1006239,"110000346000","MILLERCOORS LLC - EDEN BREWERY","EDEN","NC","27288","863 E. MEADOW RD.","ROCKINGHAM COUNTY",36.51511,-79.71582,312120,"C","Other",NA,NA,NA,NA,NA,"ROCKINGHAM"
1000834,"110071160892","Marshall","TERRELL","NC","28682","8320 EAST HWY 150","Catawba",35.5975,-80.9658,221112,"C,D","Power Plants",5154520.468,5272927.738,5729907.536,5592487.534,7394203.558,"CATAWBA"
1001049,"110057382666","Mayo Electric Generating Plant","ROXBORO","NC","27574","10660 BOSTON ROAD","Person",36.5278,-78.8917,221112,"D","Power Plants",1369520.38,1377810.508,1546362.276,813227.742,1770749.812,"PERSON"
1000459,"110020901194","NCEMC Anson Plant","LILESVILLE","NC","28091","749 BLEWETT FALLS ROAD","Anson",34.9708,-79.9208,221112,"C,D","Power Plants",52913.716,206629.062,63981.556,49776.816,57206.43,"ANSON"
1000462,"110022483258","NCEMC Hamlet Plant","HAMLET","NC","28345","162 COOPERATIVE WAY","Richmond",34.8422,-79.7367,221112,"C,D","Power Plants",43516.374,108951.316,63748.964,33857.426,54935.542,"RICHMOND"
1005699,"110064315584","NCSU CENTRAL HEAT PLANT","RALEIGH","NC","27695","2815 CATES AVENUE","WAKE COUNTY",35.78658,-78.68103,611310,"C","Other",112758.352,115668.914,111728.728,99958.122,106751.426,"WAKE"
1006119,"110018631248","NEW HANOVER COUNTY SECURE LANDFILL","WILMINGTON","NC","28401","5210 U S HIGHWAY 421 NORTH","NEW HANOVER COUNTY",34.32188,-77.99312,562212,"HH","Waste",47522.5,46883,67967.25,17506.25,50644.5,"NEW HANOVER"
1000391,"110010283978","NEW HANOVER COUNTY WASTEC","WILMINGTON","NC","28401","3002 HIGHWAY 421 NORTH","NEW HANOVER",34.281966,-77.95905,562213,"C","Waste",NA,NA,NA,NA,NA,"NEW HANOVER"
1008063,"110030816605","NGK Ceramics USA, Inc.","Mooresville","NC","28115","119 Mazeppa Road","IREDELL COUNTY",35.614,-80.81605,336390,"C","Other",20167.424,25106.356,27377.096,22711.564,34683.02,"IREDELL"
1005786,"110007378514","NORTH WAKE COUNTY LANDFILL","RALEIGH","NC","27615","9004 DEPONIE DRIVE","WAKE",35.905133,-78.582116,562212,"HH","Waste",NA,NA,NA,NA,NA,"WAKE"
1002958,"110024423131","NUCOR STEEL HERTFORD COUNTY","COFIELD","NC","27922","1505 RIVER RD","HERTFORD COUNTY",36.355216,-76.81115,331110,"C,Q","Metals",216464.492,199975.792,231434.212,251729.896,270940.712,"HERTFORD"
1001953,"110009853417","ONSLOW COUNTY LANDFILL","JACKSONVILLE","NC","28540","415 MEADOWVIEW ROAD","ONSLOW COUNTY",34.79804,-77.53781,562212,"HH","Waste",91546.75,78971.25,70020.75,66180.75,77298.25,"ONSLOW"
1002911,"110071161726","OWENS-BROCKWAY GLASS CONTAINER INC. - PLANT 06","LEXINGTON","NC","27295","9698 OLD US HIGHWAY 52","DAVIDSON COUNTY",35.950001,-80.209999,327213,"C,N","Minerals",67571.264,64984.276,65967.128,62548.384,67873.372,"DAVIDSON"
1005524,"110043815529","Orange County Regional Landfill","Chapel Hill","NC","27516","1514 Eubanks Road","ORANGE COUNTY",35.9711,-79.0819,562212,"HH","Waste",43197.5,23919.5,18419.75,23940.5,14597.75,"ORANGE"
1014715,NA,"Oxford MSW Landfill","Oxford","NC","27565","6595 Landfill Road",NA,36.370332205509,-78.623376758911,562212,"HH","Waste",20195.5,18977,NA,NA,NA,NA
1006242,"110000586376","PCS PHOSPHATE COMPANY INCORPORATED","AURORA","NC","27806","1530 NC HIGHWAY 306 South","BEAUFORT COUNTY",35.37745,-76.778816,325312,"C,Z","Chemicals",321374.222,295365.152,327369.722,307962.748,274064.594,"BEAUFORT"
1002737,"110004027320","PERDUE FARMS INC","LEWISTON","NC","27849","3539 GOVERNORS RD","BERTIE COUNTY",36.140066,-77.224466,311615,"C,II","Other,Waste",9986.218,177850.766,155561.768,129421.368,150173.064,"BERTIE"
1006571,"110000346974","PERFORMANCE FIBERS, INCORPORATED","NEW HILL","NC","27562","338 PEA RIDGE ROAD","CHATHAM COUNTY",35.62011,-79.04495,325222,"C","Other",NA,NA,NA,NA,NA,"CHATHAM"
1007456,"110001504729","PIEDMONT LANDFILL AND RECYCLING CENTER","KERNERSVILLE","NC","27284","9900 FREEMAN ROAD","FORSYTH",36.194956,-80.037372,562212,"C,HH","Waste",NA,NA,NA,NA,NA,"FORSYTH"
1003849,"110064226868","PILKINGTON NORTH AMERICA, INC.","LAURINBURG","NC","28352","13121 ROCKY FORD RD.","SCOTLAND COUNTY",34.748702,-79.405889,327211,"C,N","Minerals",201177.274,235009.652,209695.5,245583.316,250547.212,"SCOTLAND"
1001771,"110000586401","Patheon Manufacturing Services LLC","GREENVILLE","NC","27834","5900 NORTHWEST GREENVILLE BOULEVARD","PITT COUNTY",35.66032,-77.357707,325412,"C","Chemicals",28392.342,28940.316,26942.232,25749.852,36276.108,"PITT"
1010987,"110057068220","Pitt County Landfill","Greenville","NC","27834","3025 Landfill Road","PITT COUNTY",35.598004,-77.427323,562212,"HH","Waste",30229.5,30629.5,23390.5,22081.25,23183,"PITT"
1001153,"110020516486","Plant Rowan County","SALISBURY","NC","28147","5755 NC HWY 801","Rowan",35.7325,-80.6019,221112,"C,D","Power Plants",1676212.584,1831920.562,1753925.692,1710355.806,1860196.944,"ROWAN"
1005725,"110000570720","Potters Industries LLC. - Apex, NC","Apex","NC","27539","820 Lufkin Road","WAKE COUNTY",35.71365,-78.83641,327215,"C","Minerals",32591.328,33206.924,29481.088,35471.316,35793.116,"WAKE"
1010033,"110071161783","QORVO","Greensboro","NC","27409","7628 Thorndike Road","GUILFORD COUNTY",36.07565,-79.96503,334413,"C,I","Other",24793.000394,22292.562394,45019.460394,36093.342394,25192.174197,"GUILFORD"
1001073,"110071162468","R. J. REYNOLDS TOBACCO CO. WHITAKER PARK","WINSTON SALEM","NC","27105","4040 REYNOLDS COURT","FORSYTH COUNTY",36.134274,-80.257781,312230,"C","Other",28594.192,33228.674,39287.252,39257.452,38414.954,"FORSYTH"
1003481,"110041484453","ROBESON COUNTY LANDFILL","ST. PAULS","NC","28384","246 LANDFILL ROAD","ROBESON COUNTY",34.790383,-78.91285,562212,"C,HH","Waste",127840.25,119677,111151.75,92816.864,102852.5,"ROBESON"
1004501,"110006718560","ROCKINGHAM COUNTY LANDFILL","MADISON","NC","27025","281 Shuff Road","ROCKINGHAM COUNTY",36.3647,-79.8422,562212,"HH","Waste",45313,35723.5,50807.25,61836.5,85296.25,"ROCKINGHAM"
1000320,"110000347777","ROVA Venture, LLC Roanoke Valley I","WELDON","NC","27890","290 POWER PLACE","Halifax",36.4364,-77.6167,221112,"C","Power Plants",NA,NA,NA,NA,NA,"HALIFAX"
1006832,"110000347777","ROVA Venture, LLC Roanoke Valley II","WELDON","NC","27890","290 POWER PLACE","Halifax",36.4364,-77.6167,221112,"C","Power Plants",NA,NA,NA,NA,NA,"HALIFAX"
1006996,"110060514572","ROWAN COUNTY LANDFILL","WOODLEAF","NC","27054","789 CAMPBELL RD","ROWAN COUNTY",35.757219,-80.560395,562212,"HH","Waste",33229.75,34852.25,35210.75,54579.25,59977.75,"ROWAN"
1005767,"110043969845","Randolph County Solid Waste Facility","Randleman","NC","27317","1254 County Land Rd.","RANDOLPH COUNTY",35.75603,-79.76785,562212,"HH","Waste",NA,NA,NA,NA,NA,"RANDOLPH"
1001150,"110004060417","Richmond County Combustion Turbine Plant","HAMLET","NC","28345","198 ENERGY WAY","Richmond",34.8422,-79.7444,221112,"C,D","Power Plants",3485840.006,4154721.698,3434173.12,3528561.59,3925947.112,"RICHMOND"
1000835,"110000348641","Riverbend","MOUNT HOLLY","NC","28120","175 STEAMPLANT RD","Gaston",35.36,-80.9742,221112,"C,D","Power Plants",NA,NA,NA,NA,NA,"GASTON"
1001322,"110025240996","Rockingham County Combustion Turbine","REIDSVILLE","NC","27320","240 ERNEST DRIVE","Rockingham",36.3297,-79.8297,221112,"D","Power Plants",456149.396,827170.842,413795.202,371064.676,542064.08,"ROCKINGHAM"
1000412,"110001483261","Rosemary Power Station","ROANOKE RAPIDS","NC","27870","120 W 12TH ST","Halifax",36.4525,-77.6594,221112,"C,D","Power Plants",NA,NA,7627.926,2826.554,2306.412,"HALIFAX"
1000787,"110000346386","Roxboro Steam Electric Plant","SEMORA","NC","27343","1700 DUNNAWAY ROAD","Person",36.4833,-79.0731,221112,"D,TT","Power Plants,Waste",4122411.542,5406815.36,5419466.674,5198616.712,6812057.656,"PERSON"
1004118,"110044801159","SAMPSON COUNTY DISPOSAL, LLC","ROSEBORO","NC","28382","7434 ROSEBORO HIGHWAY","SAMPSON COUNTY",34.962065,-78.448345,562212,"HH","Waste",165069.5,180050,209997.5,204257,275454,"SAMPSON"
1004408,"110043177200","SOUTH WAKE LANDFILL","APEX","NC","27502","6300 OLD SMITHFIELD ROAD","WAKE COUNTY",35.674942,-78.85138,562212,"HH","Waste",81951,149109,157525,99497.25,97738,"WAKE"
1001803,"110056970434","STARPET INCORPORATED","ASHEBORO","NC","27203","801 PINEVIEW ROAD","RANDOLPH COUNTY",35.77262,-79.82243,325211,"C","Other",34533.92,34196.872,35798.816,31656.88,33494.724,"RANDOLPH"
1005535,"110043785776","SURRY COUNTY LANDFILL","MOUNT AIRY","NC","27030","237 Landfill Road","SURRY COUNTY",36.4381,-80.5702,562212,"HH","Waste",26065.5,41722,48366.75,43489.25,40062,"SURRY"
1004255,"110044801159","Sampson County Landfill","Roseboro","NC","28382","7434 Roseboro Highway","SAMPSON COUNTY",34.962065,-78.448345,562212,"HH","Waste",NA,10441.25,10767.25,12812.5,24291,"SAMPSON"
1001851,"110007377338","Smithfield Fresh Meats Corp - Tar Heel","TAR HEEL","NC","28392","15855 NC HIGHWAY 87","BLADEN COUNTY",34.7465,-78.8061,311611,"C,II","Other,Waste",67983.652,67052,56622.69,66693.408,77179.024,"BLADEN"
1013323,"110000349846","Smithfield Fresh Meats Corp. Clinton","Clinton","NC","28328","424 East Railroad Street","SAMPSON COUNTY",34.994252,-78.313318,311612,"C","Other",27143.248,28023.544,26848.848,27735.296,28176.144,"SAMPSON"
1006573,"110071159543","Stepan","WILMINGTON","NC","28401","4600 HIGHWAY 421 NORTH","NEW HANOVER COUNTY",34.315206,-77.988663,325211,"C","Other",27066.548,27297.548,23851.06,24948.056,30421.436,"NEW HANOVER"
1006973,"110000615335","TRANSCO STATION 150","MOORESVILLE","NC","28115","236 TRANSCO ROAD","IREDELL COUNTY",35.52548,-80.85899,486210,"C,W-NGTC","Petroleum and Natural Gas Systems",42287.188,44044.918,48150.8,37678.984,44723.024,"IREDELL"
1007132,"110001102832","TRANSCO STATION 155","LEXINGTON","NC","27295","650 BECKY HILL ROAD","DAVIDSON COUNTY",35.88023,-80.32945,486210,"C,W-NGTC","Petroleum and Natural Gas Systems",NA,NA,NA,NA,NA,"DAVIDSON"
1008045,"110071161217","TRANSCO STATION 160","REIDSVILLE","NC","27320","4300 NC HIGHWAY 65 WEST","ROCKINGHAM COUNTY",36.342764,-79.821051,486210,"C,W-NGTC","Petroleum and Natural Gas Systems",52775.938,65106.292,67724.926,55255.03,43924.578,"ROCKINGHAM"
1000016,"110001478696","TYSON FARMS INCORPORATED HARMONY","HARMONY","NC","28634","501 SHEFFIELD ROAD","IREDELL COUNTY",35.95458,-80.72108,311613,"C","Other",40292.548,40951.896,38150.856,38434.056,36534.312,"IREDELL"
1000015,"110000492734","TYSON FARMS, INC.","WILKESBORO","NC","28697","704 FACTORY STREET","WILKES COUNTY",36.143889,-81.163333,311615,"C","Other",21782.966,25758.502,25340.802,25378.202,24112.658,"WILKES"
1003847,"110000349784","The Goodyear Tire & Rubber Co, Inc","FAYETTEVILLE","NC","28311","6650 RAMSEY STREET","CUMBERLAND COUNTY",35.17187,-78.86062,326211,"C","Other",37781.106,39236.852,39529.852,35657.516,45464.48,"CUMBERLAND"
1000234,"110006710684","The University of NC Chapel Hill","CHAPEL HILL","NC","27599","501 CAMERON AVE","Orange",35.9069,-79.0617,611310,"C","Other",169133.498,179491.212,201214.156,197497.734,227736.514,"ORANGE"
1004219,"110071160134","U S MARINE CORPS CHERRY POINT AIR STATION","CHERRY POINT","NC","28533","Building 4223 Access Rd., PSC Box 8006","CRAVEN COUNTY",34.94,-76.82,928110,"C","Other",39135.338,42708.314,45819.344,41177.36,45407.672,"CRAVEN"
1007984,"110037601217","UPPER PIEDMONT REGIONAL LANDFILL","ROUGEMONT","NC","27572","9650 OXFORD ROAD","PERSON COUNTY",36.33719,-78.8299,562212,"HH","Waste",59539.25,43471.75,51595.25,47462,46246.25,"PERSON"
1004062,"110043790216","US MARINE CORPS BASE CAMP LEJEUNE","CAMP LEJEUNE","NC","28547","12 Post Lane","ONSLOW COUNTY",34.670921,-77.348604,928110,"C,HH","Waste",84379.872,83966.278,84837.476,84041.434,86379.752,"ONSLOW"
1004831,"110009853532","UWHARRIE ENVIRONMENTAL","MOUNT GILEAD","NC","27306","500 LANDFILL ROAD","MONTGOMERY COUNTY",35.3338,-79.96474,562212,"HH","Waste",69761,70112.75,85185.25,87365.25,88312.75,"MONTGOMERY"
1007641,"110012339950","Valley Proteins, Inc. - Gastonia","Gastonia","NC","28052","5533 South York Road","GASTON COUNTY",35.16843,-81.19398,311613,"C","Other",NA,NA,NA,NA,7988.42,"GASTON"
1000829,"110070081772","W H Weatherspoon Steam Electric Plant","LUMBERTON","NC","28358","491 POWER PLANT ROAD","Robeson",34.5889,-78.975,221112,"C","Power Plants",NA,NA,NA,NA,NA,"ROBESON"
1005274,"110060508909","Wayne County Landfill","Dudley","NC","28333","460B South Landfill Road","WAYNE COUNTY",35.28865,-78.07143,562212,"HH","Waste",12110.25,62782,61370.25,65855.75,44517,"WAYNE"
1000166,"110037266990","WestRock Kraft Paper, LLC","ROANOKE RAPIDS","NC","27870","100 GASTON ROAD","Halifax",36.4769,-77.6414,322120,"AA,C,TT","Pulp and Paper,Waste",255718.376,285999.626,274036.914,280159.392,257918.91,"HALIFAX"
1011066,"110057067757","Wilders Grove Landfill","Raleigh","NC","27610","800 Corporation Parkway","WAKE COUNTY",35.78699,-78.57027,562212,"HH","Waste",NA,NA,NA,NA,NA,"WAKE"
1006748,"110056378147","Wilkes County Landfill","Roaring River","NC","28669","9219 Elkin Highway","WILKES COUNTY",36.207954,-80.986352,562212,"HH","Waste",64792.75,62470.25,61105.25,59793,58330,"WILKES"
1012448,"110028008279","Wolfspeed RTP","Durham","NC","27709","3028 E. Cornwallis Road","DURHAM COUNTY",35.91704,-78.87028,334413,"C,I","Other",257689.910289,191678.723713,244668.918259,166134.117501,124991.554743,"DURHAM"
1005759,"110000347321","Wolfspeed, Inc","Durham","NC","27703","4600 Silicon Dr.","DURHAM COUNTY",35.899298,-78.840802,334413,"C,I","Other",61966.035304,79403.338516,97324.740713,99631.79794,102749.882152,"DURHAM"
1011696,"110064007550","white oak landfill","waynesville","NC","28785","3898 fines creek rd","HAYWOOD COUNTY",35.661943,-82.996087,562212,"HH","Waste",116671.25,105619.75,79698,89476.75,82134.75,"HAYWOOD"
